datetime,open,high,low,close,volume,Timestamp
2019-12-23,132.18,135.09,126.01,127.73,698722.014,1577059200000
2019-12-24,127.75,129.67,126.45,127.76,497534.945,1577145600000
2019-12-25,127.72,127.83,123.0,125.06,455279.225,1577232000000
2019-12-26,125.06,132.44,124.33,125.53,583380.778,1577318400000
2019-12-27,125.53,127.06,122.0,126.21,567887.536,1577404800000
2019-12-28,126.24,129.62,125.77,128.04,468730.855,1577491200000
2019-12-29,128.02,138.25,127.5,134.28,771614.663,1577577600000
2019-12-30,134.22,136.21,130.19,131.52,692165.824,1577664000000
2019-12-31,131.53,133.64,128.15,129.12,647743.359,1577750400000
2020-01-01,129.12,132.96,128.62,130.62,466063.929,1577836800000
2020-01-02,130.63,130.75,126.25,127.11,523582.924,1577923200000
2020-01-03,127.11,135.07,125.78,134.29,951123.597,1578009600000
2020-01-04,134.31,135.8,132.41,134.14,509778.108,1578096000000
2020-01-05,134.14,138.17,134.12,135.33,669677.687,1578182400000
2020-01-06,135.32,144.38,134.82,144.04,1095147.166,1578268800000
2020-01-07,144.11,145.25,138.7,142.86,963331.505,1578355200000
2020-01-08,142.86,147.94,137.15,140.75,1208133.766,1578441600000
2020-01-09,140.76,141.52,135.33,137.73,956864.213,1578528000000
2020-01-10,137.73,145.15,135.22,144.8,908378.249,1578614400000
2020-01-11,144.8,148.03,142.0,142.4,832163.204,1578700800000
2020-01-12,142.4,146.6,141.71,146.57,630256.911,1578787200000
2020-01-13,146.57,147.0,142.32,143.58,558655.672,1578873600000
2020-01-14,143.57,171.0,143.49,165.77,2169559.414,1578960000000
2020-01-15,165.75,172.18,159.35,166.6,1391999.279,1579046400000
2020-01-16,166.61,167.63,158.43,164.37,784199.474,1579132800000
2020-01-17,164.39,174.79,162.27,170.06,946707.348,1579219200000
2020-01-18,170.06,179.57,165.08,174.43,819444.357,1579305600000
2020-01-19,174.37,178.42,161.81,167.04,742371.819,1579392000000
2020-01-20,167.04,169.48,161.5,167.03,390055.869,1579478400000
2020-01-21,167.01,170.34,165.02,169.52,351565.999,1579564800000
2020-01-22,169.62,171.61,166.12,168.19,334378.174,1579651200000
2020-01-23,168.24,168.38,159.41,162.97,481102.22,1579737600000
2020-01-24,162.97,164.65,155.72,162.63,472568.424,1579824000000
2020-01-25,162.66,163.0,157.8,160.52,282785.555,1579910400000
2020-01-26,160.5,168.16,159.5,167.9,326188.863,1579996800000
2020-01-27,167.98,172.26,165.28,170.21,418039.792,1580083200000
2020-01-28,170.25,176.7,170.22,175.88,525282.459,1580169600000
2020-01-29,175.89,178.85,173.3,173.8,401619.605,1580256000000
2020-01-30,173.86,187.4,171.07,185.14,653770.608,1580342400000
2020-01-31,185.16,186.34,175.5,180.14,672522.049,1580428800000
2020-02-01,180.14,184.58,179.41,183.82,526688.019,1580515200000
2020-02-02,183.8,193.7,179.0,188.59,907342.798,1580601600000
2020-02-03,188.64,195.45,186.65,189.92,652054.538,1580688000000
2020-02-04,189.89,191.76,184.71,189.01,614290.379,1580774400000
2020-02-05,189.0,208.18,188.26,204.1,902811.615,1580860800000
2020-02-06,204.1,216.7,201.28,213.27,1254989.317,1580947200000
2020-02-07,213.3,225.36,213.3,223.57,1054174.736,1581033600000
2020-02-08,223.57,228.02,213.35,223.57,1090545.108,1581120000000
2020-02-09,223.57,230.9,223.5,228.64,969021.787,1581206400000
2020-02-10,228.71,229.96,217.32,223.03,1175671.024,1581292800000
2020-02-11,223.04,239.98,218.64,237.16,1194286.448,1581379200000
2020-02-12,237.17,277.97,237.17,266.24,2223807.477,1581465600000
2020-02-13,266.26,278.8,256.2,268.48,2386998.02,1581552000000
2020-02-14,268.48,287.58,260.53,285.4,1447161.175,1581638400000
2020-02-15,285.4,289.0,262.41,265.08,1925220.413,1581724800000
2020-02-16,265.16,274.3,237.86,258.87,2297491.401,1581811200000
2020-02-17,258.87,268.81,242.32,268.0,2129022.892,1581897600000
2020-02-18,267.99,286.48,258.78,282.96,1885124.383,1581984000000
2020-02-19,282.96,286.7,250.0,258.43,1677778.697,1582070400000
2020-02-20,258.39,264.32,245.91,257.11,1618473.989,1582156800000
2020-02-21,257.18,268.5,253.89,265.44,985301.295,1582243200000
2020-02-22,265.45,267.16,256.23,261.83,752957.418,1582329600000
2020-02-23,261.82,275.84,261.5,274.67,940831.98,1582416000000
2020-02-24,274.66,277.26,257.5,265.7,1483265.023,1582502400000
2020-02-25,265.69,266.4,244.57,247.03,1563901.657,1582588800000
2020-02-26,247.03,250.54,215.75,224.1,2729291.802,1582675200000
2020-02-27,224.13,238.58,210.01,227.92,2374539.334,1582761600000
2020-02-28,227.93,234.93,214.25,227.09,2026863.186,1582848000000
2020-02-29,227.04,233.33,217.14,217.31,1309444.25,1582934400000
2020-03-01,217.37,228.0,212.33,218.01,1775078.523,1583020800000
2020-03-02,218.01,234.5,216.24,232.22,1604040.396,1583107200000
2020-03-03,232.24,232.67,220.21,224.1,1544830.651,1583193600000
2020-03-04,224.1,229.0,220.45,224.47,1027175.512,1583280000000
2020-03-05,224.43,234.26,224.43,228.64,1142530.928,1583366400000
2020-03-06,228.63,245.38,227.6,244.94,1307956.34,1583452800000
2020-03-07,244.97,251.8,236.3,237.34,1637057.953,1583539200000
2020-03-08,237.36,237.38,195.35,199.54,3150036.792,1583625600000
2020-03-09,199.54,208.65,190.02,203.02,3885205.704,1583712000000
2020-03-10,202.95,206.32,195.66,200.95,2008333.356,1583798400000
2020-03-11,200.9,203.26,181.88,194.81,2125322.09,1583884800000
2020-03-12,194.77,195.81,95.0,106.71,7116256.717,1583971200000
2020-03-13,106.97,323.0,84.23,134.13,6584772.112,1584057600000
2020-03-14,134.1,134.67,121.16,122.55,1845475.252,1584144000000
2020-03-15,122.56,133.85,120.4,123.89,1802030.406,1584230400000
2020-03-16,123.87,124.4,100.11,111.06,3622097.906,1584316800000
2020-03-17,111.04,121.55,109.34,115.68,2053691.349,1584403200000
2020-03-18,115.67,118.59,109.78,118.16,1583517.464,1584489600000
2020-03-19,118.12,143.34,115.5,136.42,2098800.654,1584576000000
2020-03-20,136.42,152.68,116.67,133.52,3128620.956,1584662400000
2020-03-21,133.48,137.58,125.58,132.67,1933564.299,1584748800000
2020-03-22,132.64,137.2,121.0,122.25,1724360.751,1584835200000
2020-03-23,122.27,137.67,119.0,135.96,1950909.243,1584921600000
2020-03-24,135.96,143.44,132.41,138.38,1745190.832,1585008000000
2020-03-25,138.39,142.46,132.36,136.1,1448291.794,1585094400000
2020-03-26,136.11,139.8,133.18,138.41,1069528.365,1585180800000
2020-03-27,138.36,141.44,129.16,131.27,1024307.98,1585267200000
2020-03-28,131.24,132.93,124.52,130.95,1335630.33,1585353600000
2020-03-29,130.97,131.77,123.74,124.4,848667.965,1585440000000
2020-03-30,124.42,135.13,123.93,132.04,1187536.733,1585526400000
2020-03-31,132.07,135.0,130.33,132.61,896493.378,1585612800000
2020-04-01,132.6,137.22,128.27,135.6,1143905.195,1585699200000
2020-04-02,135.6,149.97,135.0,141.3,1694646.358,1585785600000
2020-04-03,141.29,146.78,137.68,141.23,1307374.677,1585872000000
2020-04-04,141.2,146.14,138.79,144.02,977437.997,1585958400000
2020-04-05,143.97,145.52,140.6,142.59,780295.149,1586044800000
2020-04-06,142.59,171.99,142.51,171.15,2847455.204,1586131200000
2020-04-07,171.15,176.16,162.13,164.55,3033756.235,1586217600000
2020-04-08,164.56,174.59,163.55,173.19,1871521.554,1586304000000
2020-04-09,173.18,173.44,164.89,169.46,1307817.881,1586390400000
2020-04-10,169.48,170.1,152.0,157.69,2238955.865,1586476800000
2020-04-11,157.69,161.25,153.78,158.19,1157138.069,1586563200000
2020-04-12,158.21,164.9,154.85,158.72,1402479.422,1586649600000
2020-04-13,158.69,159.08,149.55,156.37,1787879.914,1586736000000
2020-04-14,156.38,161.83,155.07,158.43,1342786.247,1586822400000
2020-04-15,158.42,161.32,151.9,152.64,1352926.571,1586908800000
2020-04-16,152.64,174.92,148.07,172.27,3073088.701,1586995200000
2020-04-17,172.31,174.88,168.21,170.56,1341267.776,1587081600000
2020-04-18,170.56,189.68,170.28,187.48,2159964.294,1587168000000
2020-04-19,187.52,188.3,176.27,179.97,2326412.534,1587254400000
2020-04-20,179.96,186.47,166.6,170.19,3452651.911,1587340800000
2020-04-21,170.19,174.63,167.92,170.66,2195445.346,1587427200000
2020-04-22,170.66,183.98,169.8,182.63,2433000.659,1587513600000
2020-04-23,182.63,194.4,178.0,185.53,3351092.377,1587600000000
2020-04-24,185.54,189.77,184.49,187.65,1865428.754,1587686400000
2020-04-25,187.67,198.53,185.7,194.25,2370712.476,1587772800000
2020-04-26,194.22,199.99,192.27,197.46,2056340.656,1587859200000
2020-04-27,197.46,199.0,189.51,196.37,2321318.544,1587945600000
2020-04-28,196.39,197.72,192.28,196.31,1903267.47,1588032000000
2020-04-29,196.34,219.5,196.31,215.5,3776173.452,1588118400000
2020-04-30,215.5,227.5,201.9,206.22,4371759.191,1588204800000
2020-05-01,206.21,217.49,206.12,212.22,1902796.913,1588291200000
2020-05-02,212.21,215.63,210.55,213.99,1246430.868,1588377600000
2020-05-03,213.99,219.84,205.0,209.95,1688070.223,1588464000000
2020-05-04,209.94,210.83,195.1,206.73,2313604.876,1588550400000
2020-05-05,206.69,212.02,201.14,205.39,1814876.244,1588636800000
2020-05-06,205.36,211.13,198.04,199.06,1868966.306,1588723200000
2020-05-07,199.09,215.63,196.14,212.25,2470908.382,1588809600000
2020-05-08,212.25,216.95,207.01,211.47,1698296.769,1588896000000
2020-05-09,211.47,214.81,208.3,210.31,1444064.449,1588982400000
2020-05-10,210.32,210.36,177.89,187.52,3056317.482,1589068800000
2020-05-11,187.48,193.44,175.5,185.69,2311029.197,1589155200000
2020-05-12,185.68,192.31,185.4,189.64,1261058.639,1589241600000
2020-05-13,189.64,200.95,187.64,199.54,1373737.58,1589328000000
2020-05-14,199.53,205.95,195.56,203.13,1892551.091,1589414400000
2020-05-15,203.1,203.99,191.21,194.71,1377796.956,1589500800000
2020-05-16,194.72,203.46,193.2,200.39,1100996.922,1589587200000
2020-05-17,200.4,210.16,199.5,206.93,1067367.779,1589673600000
2020-05-18,206.9,217.2,206.9,214.83,1527493.953,1589760000000
2020-05-19,214.83,215.99,209.32,214.7,1209630.47,1589846400000
2020-05-20,214.69,215.85,206.02,209.96,1322809.976,1589932800000
2020-05-21,209.99,211.69,191.61,198.68,1812327.033,1590019200000
2020-05-22,198.69,209.22,195.95,207.28,1415586.292,1590105600000
2020-05-23,207.31,211.2,204.47,206.51,1093535.486,1590192000000
2020-05-24,206.46,210.54,199.24,199.7,1534431.164,1590278400000
2020-05-25,199.7,205.66,197.72,204.1,992843.927,1590364800000
2020-05-26,204.1,205.05,196.68,200.91,1053386.195,1590451200000
2020-05-27,200.89,208.48,200.69,208.27,949312.616,1590537600000
2020-05-28,208.27,220.79,204.55,220.32,1302485.446,1590624000000
2020-05-29,220.31,225.0,217.0,220.65,1412528.305,1590710400000
2020-05-30,220.65,247.85,218.77,243.74,2496490.987,1590796800000
2020-05-31,243.73,245.3,229.54,231.55,2064900.485,1590883200000
2020-06-01,231.55,252.8,230.61,248.9,2168854.578,1590969600000
2020-06-02,248.91,254.48,220.0,237.73,1997511.516,1591056000000
2020-06-03,237.74,245.23,233.3,244.52,1177836.333,1591142400000
2020-06-04,244.52,246.7,235.75,243.28,1658566.857,1591228800000
2020-06-05,243.29,248.36,238.68,240.13,1287620.696,1591315200000
2020-06-06,240.12,244.89,237.91,242.05,838620.358,1591401600000
2020-06-07,242.06,245.61,234.64,244.66,1343974.146,1591488000000
2020-06-08,244.67,248.05,241.04,246.65,857037.392,1591574400000
2020-06-09,246.64,250.1,237.3,243.98,1120313.696,1591660800000
2020-06-10,243.98,251.0,241.0,247.95,1101191.092,1591747200000
2020-06-11,247.95,250.34,225.33,230.48,1937518.384,1591833600000
2020-06-12,230.48,239.38,228.3,237.46,958938.087,1591920000000
2020-06-13,237.47,238.88,234.6,238.17,562091.362,1592006400000
2020-06-14,238.14,238.59,229.9,231.92,787142.212,1592092800000
2020-06-15,231.92,233.64,218.02,230.86,1960437.997,1592179200000
2020-06-16,230.85,236.0,228.75,235.22,989098.472,1592265600000
2020-06-17,235.22,237.5,227.47,233.75,1098414.164,1592352000000
2020-06-18,233.73,234.7,227.81,231.26,722224.653,1592438400000
2020-06-19,231.26,232.0,226.02,228.97,875231.698,1592524800000
2020-06-20,228.98,230.8,225.07,228.85,690552.179,1592611200000
2020-06-21,228.84,231.4,227.06,228.08,480312.941,1592697600000
2020-06-22,228.07,247.0,227.5,243.14,1580083.705,1592784000000
2020-06-23,243.13,244.9,240.7,243.12,880274.162,1592870400000
2020-06-24,243.13,249.41,231.0,234.54,1872960.153,1592956800000
2020-06-25,234.54,235.5,227.53,232.5,1051198.67,1593043200000
2020-06-26,232.5,233.65,227.67,229.66,1096114.911,1593129600000
2020-06-27,229.65,231.4,213.59,220.94,1316665.336,1593216000000
2020-06-28,220.95,227.9,217.81,224.96,967586.374,1593302400000
2020-06-29,224.93,230.13,221.11,227.95,1101723.749,1593388800000
2020-06-30,227.95,228.73,223.0,225.56,843327.995,1593475200000
2020-07-01,225.56,232.78,224.01,231.03,980442.364,1593561600000
2020-07-02,231.02,231.99,222.76,226.54,1305858.588,1593648000000
2020-07-03,226.54,228.17,224.11,224.83,579175.291,1593734400000
2020-07-04,224.82,230.77,224.31,229.2,534507.407,1593820800000
2020-07-05,229.21,229.88,223.26,227.61,681239.534,1593907200000
2020-07-06,227.61,242.32,226.89,241.63,1361794.882,1593993600000
2020-07-07,241.66,243.9,234.44,239.45,1024076.026,1594080000000
2020-07-08,239.45,249.0,237.75,247.14,1430997.143,1594166400000
2020-07-09,247.1,247.94,238.04,242.01,1407925.425,1594252800000
2020-07-10,242.0,242.25,235.73,241.37,789372.278,1594339200000
2020-07-11,241.38,241.79,237.61,239.25,478752.331,1594425600000
2020-07-12,239.25,244.35,236.0,242.82,899578.746,1594512000000
2020-07-13,242.82,245.56,237.3,239.6,1099518.478,1594598400000
2020-07-14,239.6,242.24,236.74,240.56,724653.885,1594684800000
2020-07-15,240.57,241.5,236.9,238.59,529634.834,1594771200000
2020-07-16,238.59,239.58,229.84,233.74,1047566.611,1594857600000
2020-07-17,233.75,235.05,231.81,232.72,557216.722,1594944000000
2020-07-18,232.72,236.95,232.35,235.69,466496.509,1595030400000
2020-07-19,235.69,239.93,233.28,239.19,573124.068,1595116800000
2020-07-20,239.18,239.81,234.0,236.03,693643.358,1595203200000
2020-07-21,236.02,246.87,235.52,245.56,1191285.53,1595289600000
2020-07-22,245.56,270.8,241.52,264.27,1647528.096,1595376000000
2020-07-23,264.3,280.48,259.86,275.56,2725687.424,1595462400000
2020-07-24,275.5,287.76,268.32,279.45,2651233.303,1595548800000
2020-07-25,279.45,309.39,279.28,305.64,3122852.128,1595635200000
2020-07-26,305.58,321.99,299.18,311.41,3709687.999,1595721600000
2020-07-27,311.36,335.0,311.0,322.33,5017477.237,1595808000000
2020-07-28,322.3,327.47,306.02,317.21,2856472.08,1595894400000
2020-07-29,317.19,325.99,313.0,318.12,1890408.946,1595980800000
2020-07-30,318.12,343.38,314.06,335.3,2332715.926,1596067200000
2020-07-31,335.31,349.83,329.0,346.42,2671758.151,1596153600000
2020-08-01,346.42,394.8,343.4,387.24,4026011.453,1596240000000
2020-08-02,387.25,418.49,302.0,372.85,6320469.19,1596326400000
2020-08-03,372.86,398.59,366.66,386.2,3020910.903,1596412800000
2020-08-04,386.19,403.88,380.66,390.1,2702153.264,1596499200000
2020-08-05,390.02,407.88,384.31,400.95,2378190.463,1596585600000
2020-08-06,400.94,404.25,390.6,395.09,1643305.55,1596672000000
2020-08-07,395.1,398.86,361.27,379.63,2591811.422,1596758400000
2020-08-08,379.62,397.75,376.11,397.48,1345421.828,1596844800000
2020-08-09,397.56,400.73,383.75,390.54,1457418.137,1596931200000
2020-08-10,390.54,400.7,384.34,395.83,1547750.272,1597017600000
2020-08-11,395.83,398.78,367.0,379.3,2199154.835,1597104000000
2020-08-12,379.34,389.75,366.05,387.46,1576215.436,1597190400000
2020-08-13,387.51,432.25,376.77,425.34,3595989.078,1597276800000
2020-08-14,425.27,445.66,418.0,438.84,2795449.786,1597363200000
2020-08-15,438.71,443.9,426.68,432.75,1729353.597,1597449600000
2020-08-16,432.78,437.71,413.01,434.19,1739365.364,1597536000000
2020-08-17,434.19,449.0,421.01,431.33,2238985.81,1597622400000
2020-08-18,431.31,434.5,414.0,422.36,1639582.806,1597708800000
2020-08-19,422.33,427.1,393.28,407.65,2392945.29,1597795200000
2020-08-20,407.63,419.48,402.41,416.29,1235515.836,1597881600000
2020-08-21,416.3,418.95,385.09,388.25,1870166.525,1597968000000
2020-08-22,388.27,397.34,380.0,395.44,1122107.661,1598054400000
2020-08-23,395.44,397.2,383.69,391.0,892915.856,1598140800000
2020-08-24,391.0,410.7,387.64,407.94,1323796.078,1598227200000
2020-08-25,407.91,409.43,370.14,383.11,2394641.047,1598313600000
2020-08-26,383.07,393.44,377.63,386.02,1390706.382,1598400000000
2020-08-27,386.02,397.38,371.31,383.6,1885062.888,1598486400000
2020-08-28,383.58,398.8,379.94,395.14,1161424.748,1598572800000
2020-08-29,395.16,405.8,391.81,398.66,987943.95,1598659200000
2020-08-30,398.71,430.28,398.37,429.11,1442892.512,1598745600000
2020-08-31,429.12,439.49,418.2,434.03,1643669.582,1598832000000
2020-09-01,434.03,489.32,429.25,475.61,3265577.517,1598918400000
2020-09-02,475.7,482.44,418.3,439.75,4128002.108,1599004800000
2020-09-03,439.74,450.91,371.0,381.62,4981606.249,1599091200000
2020-09-04,381.52,400.63,356.14,385.2,3806408.61,1599177600000
2020-09-05,385.24,394.89,307.36,334.85,5792598.731,1599264000000
2020-09-06,334.85,360.0,316.03,352.69,3681811.956,1599350400000
2020-09-07,352.62,358.48,323.02,353.49,3268150.18,1599436800000
2020-09-08,353.49,356.67,325.0,337.32,3008960.497,1599523200000
2020-09-09,337.38,359.0,330.58,350.65,1732784.863,1599609600000
2020-09-10,350.58,377.0,349.66,367.69,2855720.317,1599696000000
2020-09-11,367.69,375.07,355.6,373.45,1837058.853,1599782400000
2020-09-12,373.42,388.36,364.43,387.65,1472243.835,1599868800000
2020-09-13,387.58,390.45,353.12,366.24,2318465.664,1599955200000
2020-09-14,366.24,384.42,355.48,377.13,2243256.424,1600041600000
2020-09-15,377.13,382.49,362.29,364.06,2013169.525,1600128000000
2020-09-16,364.0,373.3,354.75,364.95,1911187.036,1600214400000
2020-09-17,364.97,394.07,363.1,389.24,2807865.002,1600300800000
2020-09-18,389.23,392.43,375.39,384.44,1502040.045,1600387200000
2020-09-19,384.43,388.71,376.67,384.96,923238.785,1600473600000
2020-09-20,384.95,385.33,364.52,370.85,1347492.449,1600560000000
2020-09-21,370.86,377.2,330.66,340.19,3292780.639,1600646400000
2020-09-22,340.19,346.75,335.27,344.06,2105741.952,1600732800000
2020-09-23,344.05,344.6,312.36,320.64,2547487.165,1600819200000
2020-09-24,320.64,353.09,316.37,348.77,2679663.06,1600905600000
2020-09-25,348.73,357.88,337.5,351.88,2148472.096,1600992000000
2020-09-26,351.88,356.58,345.76,353.88,1293348.016,1601078400000
2020-09-27,353.89,362.22,346.79,357.4,1563883.714,1601164800000
2020-09-28,357.29,368.45,351.6,353.85,1849537.469,1601251200000
2020-09-29,353.84,360.55,350.07,359.7,1437671.627,1601337600000
2020-09-30,359.7,361.55,351.02,359.71,1168055.491,1601424000000
2020-10-01,359.71,370.44,345.1,352.53,2088409.078,1601510400000
2020-10-02,352.54,354.34,334.01,345.41,1991868.507,1601596800000
2020-10-03,345.44,350.86,343.38,345.72,824121.901,1601683200000
2020-10-04,345.69,354.3,343.68,352.23,994011.923,1601769600000
2020-10-05,352.15,356.51,348.2,353.45,979059.824,1601856000000
2020-10-06,353.45,354.95,336.44,340.65,1685300.902,1601942400000
2020-10-07,340.66,342.9,332.22,341.41,1228735.001,1602028800000
2020-10-08,341.42,353.43,333.88,351.08,1560418.728,1602115200000
2020-10-09,351.07,368.3,347.26,365.04,1327626.268,1602201600000
2020-10-10,365.03,378.7,364.71,370.68,1467956.111,1602288000000
2020-10-11,370.68,378.1,369.07,374.39,1029589.464,1602374400000
2020-10-12,374.39,395.43,365.5,386.73,2084977.674,1602460800000
2020-10-13,386.72,388.15,374.25,381.12,1684066.814,1602547200000
2020-10-14,381.11,387.72,373.12,378.75,1534026.379,1602633600000
2020-10-15,378.75,382.6,369.5,377.63,1617436.212,1602720000000
2020-10-16,377.63,379.92,360.53,365.41,1864106.37,1602806400000
2020-10-17,365.42,370.91,363.19,368.26,710651.199,1602892800000
2020-10-18,368.26,378.8,367.16,378.29,806637.483,1602979200000
2020-10-19,378.28,384.53,372.72,379.47,1306013.625,1603065600000
2020-10-20,379.47,381.19,364.9,368.74,1662321.815,1603152000000
2020-10-21,368.74,402.8,367.9,390.96,3345842.465,1603238400000
2020-10-22,390.95,421.9,390.57,414.39,3018734.084,1603324800000
2020-10-23,414.38,419.99,401.82,409.4,2104662.195,1603411200000
2020-10-24,409.41,417.16,407.33,412.34,1329608.93,1603497600000
2020-10-25,412.34,417.89,402.6,406.14,1346452.607,1603584000000
2020-10-26,406.14,411.18,382.18,392.43,2786314.677,1603670400000
2020-10-27,392.43,410.58,390.0,403.6,2401387.34,1603756800000
2020-10-28,403.59,409.65,379.28,388.17,2723288.874,1603843200000
2020-10-29,388.17,394.27,380.5,386.94,1923941.877,1603929600000
2020-10-30,386.94,392.1,373.03,382.4,2280687.856,1604016000000
2020-10-31,382.49,394.14,380.14,386.29,1672781.766,1604102400000
2020-11-01,386.28,398.0,384.32,396.82,1414350.496,1604188800000
2020-11-02,396.9,405.0,377.71,383.16,2316121.967,1604275200000
2020-11-03,383.16,390.28,370.0,388.11,2031329.509,1604361600000
2020-11-04,388.11,408.99,375.71,402.92,3120949.65,1604448000000
2020-11-05,402.95,423.79,395.89,417.14,4634761.389,1604534400000
2020-11-06,417.13,459.0,414.81,456.38,5106137.581,1604620800000
2020-11-07,456.38,469.74,423.7,435.58,5035309.468,1604707200000
2020-11-08,435.64,461.1,432.33,454.75,2450451.528,1604793600000
2020-11-09,454.74,459.9,433.76,444.72,3414860.603,1604880000000
2020-11-10,444.73,455.82,439.07,450.67,2457157.259,1604966400000
2020-11-11,450.67,476.89,449.69,463.35,3760142.204,1605052800000
2020-11-12,463.34,470.83,451.09,462.68,3184836.866,1605139200000
2020-11-13,462.69,479.0,457.25,476.8,3013056.859,1605225600000
2020-11-14,476.8,478.1,451.97,461.0,2199594.275,1605312000000
2020-11-15,461.02,462.96,440.1,448.16,2039952.113,1605398400000
2020-11-16,448.16,466.6,445.53,460.72,2458564.459,1605484800000
2020-11-17,460.7,485.93,460.0,482.49,3589150.001,1605571200000
2020-11-18,482.56,497.0,455.0,478.61,5265683.829,1605657600000
2020-11-19,478.6,480.68,465.15,471.38,2320768.365,1605744000000
2020-11-20,471.38,514.52,471.01,510.37,4646610.69,1605830400000
2020-11-21,510.43,555.44,502.8,554.1,5113556.271,1605916800000
2020-11-22,554.04,582.93,511.0,560.42,7317045.59,1606003200000
2020-11-23,560.41,611.88,550.81,609.12,7475301.504,1606089600000
2020-11-24,609.12,624.65,586.15,605.72,5651528.809,1606176000000
2020-11-25,605.71,607.09,555.0,569.79,4433328.336,1606262400000
2020-11-26,569.79,577.53,480.12,520.25,9591594.788,1606348800000
2020-11-27,520.2,530.83,493.8,518.92,3685801.761,1606435200000
2020-11-28,518.89,548.0,507.0,537.46,2832550.126,1606521600000
2020-11-29,537.37,577.0,530.5,576.38,2762989.981,1606608000000
2020-11-30,576.38,617.53,570.9,617.42,4836853.473,1606694400000
2020-12-01,617.5,638.66,558.0,585.98,7059013.364,1606780800000
2020-12-02,585.92,605.88,574.73,596.96,3460094.906,1606867200000
2020-12-03,596.96,624.7,585.95,616.2,2791753.902,1606953600000
2020-12-04,616.21,620.99,564.91,567.68,3251195.251,1607040000000
2020-12-05,567.69,598.2,561.06,596.97,2107815.29,1607126400000
2020-12-06,596.98,607.93,583.2,601.86,2030749.593,1607212800000
2020-12-07,601.86,603.63,584.67,591.84,1665460.089,1607299200000
2020-12-08,591.84,595.75,548.0,555.17,3233758.126,1607385600000
2020-12-09,555.08,578.62,531.0,573.27,3460599.61,1607472000000
2020-12-10,573.28,575.67,548.52,559.71,2293137.506,1607558400000
2020-12-11,559.69,561.37,533.11,544.74,2929601.56,1607644800000
2020-12-12,544.8,574.0,543.34,568.34,1764546.873,1607731200000
2020-12-13,568.3,595.47,563.11,590.91,2311572.28,1607817600000
2020-12-14,590.92,591.63,575.57,586.33,1808415.505,1607904000000
2020-12-15,586.32,598.0,579.0,588.8,1866136.289,1607990400000
2020-12-16,588.8,640.47,581.04,637.8,3634225.42,1608076800000
2020-12-17,637.79,678.2,625.0,643.12,6624640.551,1608163200000
2020-12-18,643.09,665.85,630.1,654.51,2995266.462,1608249600000
2020-12-19,654.44,671.95,646.0,658.81,2635211.184,1608336000000
2020-12-20,658.82,662.99,620.93,638.27,2759178.686,1608422400000
2020-12-21,638.25,648.88,595.54,608.18,3621682.355,1608508800000
2020-12-22,608.24,638.7,588.41,637.2,3285945.398,1608595200000
2020-12-23,637.2,639.54,546.81,585.34,4594542.183,1608681600000
2020-12-24,585.49,615.42,565.2,612.31,3154682.001,1608768000000
2020-12-25,612.31,634.96,604.5,627.18,2623370.085,1608854400000
2020-12-26,627.17,654.32,615.1,637.9,3122352.524,1608940800000
2020-12-27,637.89,718.75,625.0,685.97,6363000.477,1609027200000
2020-12-28,685.97,749.5,681.91,731.07,5455254.006,1609113600000
2020-12-29,731.06,742.0,690.1,733.45,4261041.716,1609200000000
2020-12-30,733.45,760.76,717.52,753.04,3348883.502,1609286400000
2020-12-31,753.05,757.0,721.75,737.19,2876756.193,1609372800000
2021-01-01,737.18,750.4,714.55,729.77,1952291.25,1609459200000
2021-01-02,729.7,788.71,715.6,775.02,4176508.581,1609545600000
2021-01-03,775.04,1022.51,769.19,980.24,9610267.802,1609632000000
2021-01-04,980.23,1173.94,890.0,1043.11,12057661.067,1609718400000
2021-01-05,1043.12,1138.92,974.23,1101.29,7526097.093,1609804800000
2021-01-06,1101.29,1218.0,1057.3,1212.64,6952861.553,1609891200000
2021-01-07,1212.98,1297.15,1150.0,1227.12,5807791.01,1609977600000
2021-01-08,1227.5,1279.06,1064.6,1218.39,6994773.234,1610064000000
2021-01-09,1218.55,1314.0,1173.0,1279.96,4157466.015,1610150400000
2021-01-10,1279.96,1354.66,1168.49,1257.96,5913298.389,1610236800000
2021-01-11,1257.95,1264.5,915.2,1086.94,11237262.772,1610323200000
2021-01-12,1086.84,1153.13,1007.0,1050.82,5531356.605,1610409600000
2021-01-13,1050.67,1138.63,987.21,1130.4,4029644.646,1610496000000
2021-01-14,1130.4,1249.32,1087.68,1234.86,4079502.435,1610582400000
2021-01-15,1234.5,1260.0,1070.0,1168.79,5020898.727,1610668800000
2021-01-16,1168.65,1296.79,1152.13,1230.19,3980782.071,1610755200000
2021-01-17,1230.32,1272.28,1165.0,1233.71,3396518.439,1610841600000
2021-01-18,1233.61,1265.96,1183.2,1262.99,2562805.077,1610928000000
2021-01-19,1263.0,1444.05,1255.51,1367.51,6288844.344,1611014400000
2021-01-20,1367.38,1411.38,1236.35,1379.24,5844273.198,1611100800000
2021-01-21,1379.23,1391.0,1083.4,1111.23,6820207.515,1611187200000
2021-01-22,1111.82,1274.52,1041.13,1234.55,5475223.381,1611273600000
2021-01-23,1234.54,1274.0,1197.0,1235.66,2920417.541,1611360000000
2021-01-24,1235.65,1401.88,1221.51,1394.24,3768553.334,1611446400000
2021-01-25,1394.23,1481.46,1293.0,1318.61,5138109.254,1611532800000
2021-01-26,1318.53,1379.5,1244.87,1368.4,4868106.344,1611619200000
2021-01-27,1368.48,1377.9,1206.0,1238.55,5277115.882,1611705600000
2021-01-28,1238.55,1362.94,1217.28,1329.86,3463945.921,1611792000000
2021-01-29,1330.28,1443.0,1285.46,1381.99,5010264.423,1611878400000
2021-01-30,1382.14,1409.35,1328.0,1380.48,2364036.673,1611964800000
2021-01-31,1380.42,1383.7,1281.96,1313.12,2091898.285,1612051200000
2021-02-01,1313.09,1379.73,1270.0,1376.48,2282184.993,1612137600000
2021-02-02,1376.74,1551.5,1363.0,1516.26,5098356.241,1612224000000
2021-02-03,1516.2,1672.76,1510.76,1666.0,4407760.724,1612310400000
2021-02-04,1666.1,1703.37,1557.0,1596.0,4966516.757,1612396800000
2021-02-05,1595.93,1767.19,1592.46,1721.16,3518469.104,1612483200000
2021-02-06,1721.03,1748.11,1647.09,1679.34,2991060.685,1612569600000
2021-02-07,1679.38,1695.5,1490.48,1611.99,4063794.078,1612656000000
2021-02-08,1612.0,1782.5,1566.22,1755.61,3884050.435,1612742400000
2021-02-09,1755.6,1830.47,1713.2,1770.79,3388435.791,1612828800000
2021-02-10,1770.99,1848.0,1680.0,1743.31,3442140.65,1612915200000
2021-02-11,1743.3,1827.07,1704.21,1789.32,2256762.199,1613001600000
2021-02-12,1789.32,1872.86,1740.22,1843.08,2650816.264,1613088000000
2021-02-13,1843.08,1878.88,1764.79,1818.02,2381458.551,1613174400000
2021-02-14,1817.86,1857.67,1785.23,1803.59,1773668.237,1613260800000
2021-02-15,1804.0,1839.63,1652.0,1781.34,3238695.81,1613347200000
2021-02-16,1781.34,1831.58,1726.01,1784.31,2536777.874,1613433600000
2021-02-17,1784.31,1864.26,1735.66,1849.86,2340915.266,1613520000000
2021-02-18,1849.87,1955.0,1849.37,1941.26,2447343.966,1613606400000
2021-02-19,1941.12,1980.0,1894.0,1958.58,1943898.87,1613692800000
2021-02-20,1958.59,2048.0,1792.0,1914.58,3273599.601,1613779200000
2021-02-21,1914.51,1981.04,1885.0,1934.75,2039425.917,1613865600000
2021-02-22,1934.59,1938.5,1552.2,1778.3,4972903.814,1613952000000
2021-02-23,1778.22,1784.08,1348.17,1579.75,7089349.585,1614038400000
2021-02-24,1579.75,1714.04,1501.09,1623.98,3593348.017,1614124800000
2021-02-25,1623.94,1672.49,1458.0,1482.09,2955804.261,1614211200000
2021-02-26,1482.13,1563.66,1401.01,1445.28,3880051.012,1614297600000
2021-02-27,1445.36,1530.19,1425.5,1458.65,2530875.338,1614384000000
2021-02-28,1458.64,1469.44,1292.8,1419.77,4109392.696,1614470400000
2021-03-01,1419.96,1573.42,1411.1,1571.2,2727916.51,1614556800000
2021-03-02,1571.2,1604.85,1455.3,1486.28,2884922.074,1614643200000
2021-03-03,1486.24,1664.0,1475.0,1568.63,3055043.878,1614729600000
2021-03-04,1568.63,1626.0,1506.99,1540.69,3087612.251,1614816000000
2021-03-05,1540.7,1551.0,1441.57,1529.88,3051666.755,1614902400000
2021-03-06,1529.75,1674.02,1515.16,1651.73,2839191.599,1614988800000
2021-03-07,1651.9,1736.89,1631.59,1727.23,2570034.976,1615075200000
2021-03-08,1727.73,1844.57,1667.86,1834.3,3501989.878,1615161600000
2021-03-09,1834.47,1873.86,1801.0,1873.31,2460568.209,1615248000000
2021-03-10,1873.37,1882.59,1760.0,1796.8,3413199.591,1615334400000
2021-03-11,1796.8,1850.07,1725.96,1829.0,3061111.766,1615420800000
2021-03-12,1828.96,1846.59,1719.92,1767.44,2753218.247,1615507200000
2021-03-13,1767.32,1948.75,1729.33,1924.94,2763730.381,1615593600000
2021-03-14,1924.94,1935.88,1836.0,1850.54,2244662.581,1615680000000
2021-03-15,1850.5,1896.3,1729.2,1794.89,3297299.618,1615766400000
2021-03-16,1795.09,1819.76,1712.0,1807.25,2500648.806,1615852800000
2021-03-17,1807.25,1841.86,1741.95,1825.77,2164536.182,1615939200000
2021-03-18,1825.94,1853.0,1758.48,1777.54,1948941.621,1616025600000
2021-03-19,1777.55,1844.32,1733.09,1811.04,1807873.07,1616112000000
2021-03-20,1811.04,1873.84,1802.5,1807.35,1400240.86,1616198400000
2021-03-21,1807.43,1818.61,1745.02,1784.67,1569940.157,1616284800000
2021-03-22,1784.78,1809.59,1653.67,1681.69,2062250.384,1616371200000
2021-03-23,1681.66,1722.52,1652.58,1669.33,1875276.276,1616457600000
2021-03-24,1669.33,1742.43,1540.22,1582.11,2657346.906,1616544000000
2021-03-25,1582.01,1622.54,1548.56,1587.5,2454402.206,1616630400000
2021-03-26,1587.44,1701.19,1587.03,1699.13,1630204.715,1616716800000
2021-03-27,1699.21,1734.88,1668.3,1714.34,1412714.74,1616803200000
2021-03-28,1714.14,1727.5,1662.54,1688.3,1167051.376,1616889600000
2021-03-29,1688.31,1845.0,1680.04,1818.44,1936361.877,1616976000000
2021-03-30,1818.43,1863.79,1788.3,1843.43,1627666.888,1617062400000
2021-03-31,1843.43,1952.98,1771.85,1923.07,2721505.354,1617148800000
2021-04-01,1923.07,1989.11,1882.1,1969.74,2282765.6,1617235200000
2021-04-02,1969.75,2150.0,1949.94,2138.01,2782619.002,1617321600000
2021-04-03,2138.01,2144.17,2002.0,2012.63,2961945.62,1617408000000
2021-04-04,2012.64,2093.72,1980.0,2077.73,1628243.592,1617494400000
2021-04-05,2077.85,2138.61,2002.16,2110.35,2029400.255,1617580800000
2021-04-06,2110.39,2161.02,2043.89,2114.47,2216031.293,1617667200000
2021-04-07,2114.48,2133.02,1930.1,1965.4,3144081.502,1617753600000
2021-04-08,1965.4,2086.67,1950.0,2082.08,1653807.764,1617840000000
2021-04-09,2082.02,2104.83,2052.0,2068.02,1237414.829,1617926400000
2021-04-10,2068.02,2211.94,2059.03,2135.96,2077350.376,1618012800000
2021-04-11,2135.99,2171.07,2115.56,2155.05,1290245.975,1618099200000
2021-04-12,2155.07,2209.99,2101.96,2139.25,1659510.107,1618185600000
2021-04-13,2139.24,2324.0,2137.21,2303.15,2311955.605,1618272000000
2021-04-14,2303.15,2450.0,2286.04,2437.08,3370771.796,1618358400000
2021-04-15,2436.74,2548.6,2403.14,2519.85,2600911.507,1618444800000
2021-04-16,2519.85,2553.0,2298.23,2427.29,3505534.172,1618531200000
2021-04-17,2427.29,2499.26,2314.49,2319.8,2057149.939,1618617600000
2021-04-18,2319.93,2341.91,1900.0,2235.32,4275573.298,1618704000000
2021-04-19,2235.32,2278.58,2079.12,2162.75,3029523.224,1618790400000
2021-04-20,2162.76,2347.0,2052.42,2329.96,3393046.281,1618876800000
2021-04-21,2330.07,2470.0,2238.96,2358.9,3556266.081,1618963200000
2021-04-22,2359.41,2645.63,2305.0,2398.94,6698438.657,1619049600000
2021-04-23,2399.2,2443.66,2110.0,2368.67,6753400.874,1619136000000
2021-04-24,2368.66,2370.04,2156.58,2215.54,3424662.228,1619222400000
2021-04-25,2215.55,2357.0,2162.9,2320.71,3570867.777,1619308800000
2021-04-26,2320.71,2545.5,2303.42,2534.25,3507145.533,1619395200000
2021-04-27,2534.17,2683.42,2481.43,2668.39,2604067.05,1619481600000
2021-04-28,2668.28,2762.1,2562.83,2748.33,3857131.883,1619568000000
2021-04-29,2748.33,2798.0,2668.87,2759.14,2827431.929,1619654400000
2021-04-30,2759.15,2803.55,2726.88,2773.15,1961665.845,1619740800000
2021-05-01,2773.16,2958.91,2754.04,2947.01,2293998.885,1619827200000
2021-05-02,2947.0,2986.97,2856.7,2950.98,2080727.947,1619913600000
2021-05-03,2950.91,3459.8,2950.7,3433.36,5116980.548,1620000000000
2021-05-04,3433.7,3529.64,3160.01,3243.67,6940584.205,1620086400000
2021-05-05,3243.65,3552.74,3211.0,3528.49,3838631.919,1620172800000
2021-05-06,3528.74,3616.0,3380.25,3493.16,3041910.825,1620259200000
2021-05-07,3493.17,3592.0,3355.0,3480.98,2326172.061,1620345600000
2021-05-08,3480.98,3964.83,3451.74,3914.47,3128854.033,1620432000000
2021-05-09,3914.95,3985.55,3730.0,3928.01,3118238.261,1620518400000
2021-05-10,3927.83,4214.92,3658.0,3950.33,5052309.882,1620604800000
2021-05-11,3950.32,4183.52,3778.17,4175.91,3394479.287,1620691200000
2021-05-12,4175.85,4379.18,3723.43,3828.99,4928002.067,1620777600000
2021-05-13,3829.89,4036.45,3491.53,3719.45,5852199.813,1620864000000
2021-05-14,3719.44,4175.0,3692.99,4079.99,3063526.292,1620950400000
2021-05-15,4079.98,4137.21,3634.44,3648.98,3321250.207,1621036800000
2021-05-16,3649.01,3882.76,3348.0,3581.39,4223938.158,1621123200000
2021-05-17,3581.39,3587.0,3125.0,3283.58,5745286.6,1621209600000
2021-05-18,3283.23,3570.27,3240.06,3376.35,3842243.27,1621296000000
2021-05-19,3377.03,3446.24,1400.73,2442.98,10144417.228,1621382400000
2021-05-20,2444.02,2990.85,2150.0,2768.42,6097256.74,1621468800000
2021-05-21,2768.42,2940.0,2097.99,2431.01,6041584.187,1621555200000
2021-05-22,2431.24,2489.65,2151.63,2295.15,4564819.521,1621641600000
2021-05-23,2295.46,2383.41,1728.85,2096.63,7797669.636,1621728000000
2021-05-24,2096.62,2675.0,2079.0,2649.27,5714266.276,1621814400000
2021-05-25,2649.49,2750.0,2380.6,2706.83,5322472.943,1621900800000
2021-05-26,2706.82,2913.0,2642.87,2884.27,4052111.799,1621987200000
2021-05-27,2884.16,2893.03,2634.0,2742.77,3441489.934,1622073600000
2021-05-28,2742.77,2763.57,2324.48,2411.66,4733066.731,1622160000000
2021-05-29,2411.65,2577.04,2208.04,2277.99,4468023.064,1622246400000
2021-05-30,2277.99,2476.83,2179.13,2386.11,3642984.366,1622332800000
2021-05-31,2386.11,2721.51,2271.46,2706.33,4203920.413,1622419200000
2021-06-01,2706.46,2741.45,2523.82,2634.63,3779985.27,1622505600000
2021-06-02,2634.61,2804.04,2551.03,2707.22,3026897.821,1622592000000
2021-06-03,2707.03,2892.23,2662.0,2858.34,3561113.235,1622678400000
2021-06-04,2858.34,2861.53,2540.61,2689.21,4343826.882,1622764800000
2021-06-05,2689.41,2817.43,2550.77,2627.45,3876375.64,1622851200000
2021-06-06,2627.44,2744.0,2613.11,2711.4,2719341.885,1622937600000
2021-06-07,2711.3,2849.65,2569.3,2592.96,4175255.701,1623024000000
2021-06-08,2592.51,2621.27,2305.5,2506.19,6567894.086,1623110400000
2021-06-09,2506.13,2627.38,2404.01,2610.2,5127988.288,1623196800000
2021-06-10,2610.2,2624.79,2423.36,2471.11,3151629.315,1623283200000
2021-06-11,2471.05,2497.94,2320.0,2354.25,2932342.336,1623369600000
2021-06-12,2354.25,2452.79,2255.42,2370.59,3349184.786,1623456000000
2021-06-13,2370.61,2548.0,2307.41,2508.71,2999871.755,1623542400000
2021-06-14,2508.56,2608.53,2460.0,2579.82,2592645.352,1623628800000
2021-06-15,2579.8,2639.99,2506.81,2544.17,2609572.986,1623715200000
2021-06-16,2544.28,2557.54,2350.0,2366.84,2715755.789,1623801600000
2021-06-17,2366.84,2459.77,2304.15,2372.51,2805257.77,1623888000000
2021-06-18,2372.5,2376.94,2135.04,2231.68,3783368.698,1623974400000
2021-06-19,2231.68,2280.0,2160.0,2163.36,2905034.112,1624060800000
2021-06-20,2163.36,2277.0,2038.94,2242.7,4117443.373,1624147200000
2021-06-21,2242.7,2259.27,1864.36,1884.77,8408243.758,1624233600000
2021-06-22,1884.75,1997.8,1698.64,1878.46,7629543.365,1624320000000
2021-06-23,1878.46,2044.35,1820.3,1966.51,4071236.262,1624406400000
2021-06-24,1966.48,2036.0,1883.47,1989.5,3069218.028,1624492800000
2021-06-25,1989.5,2020.0,1790.0,1808.0,4807609.447,1624579200000
2021-06-26,1808.0,1852.95,1715.0,1828.88,4547442.9,1624665600000
2021-06-27,1828.86,1984.61,1805.0,1980.83,3643084.635,1624752000000
2021-06-28,1981.0,2146.91,1960.31,2083.56,5085737.209,1624838400000
2021-06-29,2083.55,2244.33,2073.0,2165.15,4249854.368,1624924800000
2021-06-30,2165.03,2290.0,2087.23,2275.0,4574440.196,1625011200000
2021-07-01,2274.99,2275.68,2066.0,2105.24,4469383.028,1625097600000
2021-07-02,2105.23,2160.0,2016.43,2152.64,3889555.868,1625184000000
2021-07-03,2152.64,2239.0,2112.03,2226.63,2965805.065,1625270400000
2021-07-04,2226.71,2390.0,2188.0,2321.95,3200803.958,1625356800000
2021-07-05,2322.13,2324.22,2155.04,2195.38,4496599.633,1625443200000
2021-07-06,2195.38,2349.92,2191.24,2322.04,4197100.45,1625529600000
2021-07-07,2321.82,2410.0,2292.94,2314.65,3113882.674,1625616000000
2021-07-08,2314.64,2326.58,2082.07,2114.88,4154305.408,1625702400000
2021-07-09,2114.81,2189.27,2045.0,2147.53,4166847.297,1625788800000
2021-07-10,2147.4,2195.0,2073.0,2111.14,2803372.98,1625875200000
2021-07-11,2111.14,2175.0,2080.0,2140.27,2154716.197,1625961600000
2021-07-12,2140.26,2167.95,2003.4,2030.85,2941659.373,1626048000000
2021-07-13,2030.78,2048.97,1916.0,1940.32,3641617.739,1626134400000
2021-07-14,1940.31,2018.55,1862.32,1993.82,4274762.909,1626220800000
2021-07-15,1993.82,2042.1,1880.29,1919.35,3891662.256,1626307200000
2021-07-16,1919.36,1965.85,1846.0,1876.1,3797831.436,1626393600000
2021-07-17,1876.09,1919.0,1841.0,1898.55,3169044.845,1626480000000
2021-07-18,1898.55,1994.26,1875.0,1890.66,3350134.623,1626566400000
2021-07-19,1890.8,1917.82,1801.0,1818.4,3317206.573,1626652800000
2021-07-20,1818.4,1841.34,1715.0,1785.04,4510417.88,1626739200000
2021-07-21,1785.2,2038.0,1752.35,1995.49,5466949.512,1626825600000
2021-07-22,1995.5,2046.0,1945.0,2023.55,3739570.52,1626912000000
2021-07-23,2024.0,2131.96,1995.02,2124.33,3237000.868,1626998400000
2021-07-24,2124.34,2198.0,2105.4,2183.53,2900599.605,1627084800000
2021-07-25,2183.54,2197.0,2106.12,2188.11,2654022.719,1627171200000
2021-07-26,2188.15,2433.53,2170.03,2227.41,5648553.005,1627257600000
2021-07-27,2227.44,2319.0,2150.0,2298.04,4077823.745,1627344000000
2021-07-28,2298.05,2345.54,2242.2,2300.08,3309639.002,1627430400000
2021-07-29,2300.12,2406.44,2263.33,2382.45,2369811.378,1627516800000
2021-07-30,2382.45,2473.99,2316.03,2461.72,3555703.039,1627603200000
2021-07-31,2461.52,2553.8,2421.76,2530.49,2363945.704,1627689600000
2021-08-01,2530.37,2699.0,2511.88,2554.71,4203633.648,1627776000000
2021-08-02,2554.72,2666.91,2506.11,2607.09,3757454.702,1627862400000
2021-08-03,2607.09,2633.27,2441.0,2506.87,4035094.388,1627948800000
2021-08-04,2506.5,2775.06,2456.83,2725.0,4639321.233,1628035200000
2021-08-05,2725.0,2845.9,2527.0,2826.8,6430648.209,1628121600000
2021-08-06,2826.81,2948.36,2720.31,2892.3,3957430.19,1628208000000
2021-08-07,2892.29,3176.0,2865.45,3163.26,5211893.648,1628294400000
2021-08-08,3163.26,3195.67,2950.45,3014.06,4207474.0,1628380800000
2021-08-09,3014.06,3190.8,2890.03,3163.43,4997024.855,1628467200000
2021-08-10,3163.43,3239.13,3053.24,3143.98,4011325.684,1628553600000
2021-08-11,3143.97,3279.78,3120.69,3161.52,3248054.689,1628640000000
2021-08-12,3161.52,3241.57,2981.0,3046.74,3651234.966,1628726400000
2021-08-13,3046.63,3332.88,3034.35,3324.12,3291401.802,1628812800000
2021-08-14,3324.12,3337.99,3210.0,3266.31,2307338.73,1628899200000
2021-08-15,3266.31,3326.0,3109.0,3312.31,2863557.025,1628985600000
2021-08-16,3312.31,3343.0,3133.33,3146.83,2823441.625,1629072000000
2021-08-17,3146.82,3294.23,2992.0,3014.64,3583054.432,1629158400000
2021-08-18,3014.63,3125.92,2950.0,3014.25,2914764.091,1629244800000
2021-08-19,3014.31,3194.0,2958.8,3186.8,2795287.664,1629331200000
2021-08-20,3186.76,3308.26,3180.0,3286.62,2223015.324,1629417600000
2021-08-21,3286.65,3313.9,3207.12,3226.4,1838074.781,1629504000000
2021-08-22,3226.39,3276.42,3124.35,3241.29,1773220.917,1629590400000
2021-08-23,3241.29,3383.0,3233.07,3323.01,2430852.991,1629676800000
2021-08-24,3323.0,3362.0,3145.0,3173.98,2520587.128,1629763200000
2021-08-25,3173.99,3249.0,3078.52,3227.9,2405504.816,1629849600000
2021-08-26,3227.9,3254.0,3052.0,3093.77,2360877.641,1629936000000
2021-08-27,3093.81,3283.0,3061.44,3273.91,2227370.879,1630022400000
2021-08-28,3274.12,3288.22,3209.93,3247.29,1124796.339,1630108800000
2021-08-29,3247.47,3291.7,3150.5,3225.47,1642534.292,1630195200000
2021-08-30,3225.47,3350.0,3142.38,3230.43,2535431.803,1630281600000
2021-08-31,3230.42,3478.0,3187.85,3430.49,3605871.087,1630368000000
2021-09-01,3430.49,3849.0,3381.23,3831.44,3339812.397,1630454400000
2021-09-02,3831.42,3843.21,3723.87,3788.95,1997427.18,1630540800000
2021-09-03,3788.94,4036.44,3710.77,3942.79,2643680.21,1630627200000
2021-09-04,3942.83,3976.59,3835.0,3889.71,1508907.058,1630713600000
2021-09-05,3889.95,3991.25,3837.0,3952.56,1483337.994,1630800000000
2021-09-06,3952.56,3976.6,3864.27,3929.0,1471495.586,1630886400000
2021-09-07,3929.01,3952.53,2923.0,3435.0,4947996.791,1630972800000
2021-09-08,3435.0,3562.25,3217.01,3497.99,2986177.27,1631059200000
2021-09-09,3497.68,3570.34,3390.0,3426.42,1980923.9,1631145600000
2021-09-10,3426.43,3517.91,3143.2,3209.84,2299854.907,1631232000000
2021-09-11,3209.85,3349.17,3199.26,3267.23,1413713.591,1631318400000
2021-09-12,3267.28,3474.95,3230.84,3405.21,1518234.911,1631404800000
2021-09-13,3405.65,3432.12,3107.02,3284.41,2654865.254,1631491200000
2021-09-14,3284.17,3438.0,3269.25,3435.42,1536142.673,1631577600000
2021-09-15,3435.29,3620.0,3358.08,3614.72,1652816.482,1631664000000
2021-09-16,3614.71,3678.0,3482.0,3570.46,1879717.934,1631750400000
2021-09-17,3570.46,3597.52,3350.0,3400.99,1665745.301,1631836800000
2021-09-18,3401.0,3546.0,3370.25,3435.35,1392166.948,1631923200000
2021-09-19,3435.36,3459.0,3275.0,3328.72,1409270.892,1632009600000
2021-09-20,3328.99,3347.99,2907.07,2978.34,3894855.847,1632096000000
2021-09-21,2978.34,3108.17,2647.8,2765.48,4287819.594,1632182400000
2021-09-22,2765.47,3088.88,2736.57,3076.62,2674294.104,1632268800000
2021-09-23,3076.62,3173.99,3032.77,3150.7,1943658.778,1632355200000
2021-09-24,3150.7,3157.5,2731.0,2926.37,3728806.998,1632441600000
2021-09-25,2926.36,2967.32,2800.0,2921.08,2234473.056,1632528000000
2021-09-26,2921.08,3116.84,2737.19,3057.63,2764303.968,1632614400000
2021-09-27,3057.62,3163.9,2920.22,2923.6,2027218.619,1632700800000
2021-09-28,2923.59,2969.0,2781.0,2803.5,2369096.762,1632787200000
2021-09-29,2803.34,2949.0,2780.0,2848.38,1856317.865,1632873600000
2021-09-30,2848.38,3049.3,2835.29,2999.45,2159101.897,1632960000000
2021-10-01,2999.45,3331.56,2967.1,3308.58,2414202.176,1633046400000
2021-10-02,3308.59,3471.58,3257.05,3387.25,1587338.885,1633132800000
2021-10-03,3387.24,3489.22,3340.0,3418.25,1314004.609,1633219200000
2021-10-04,3418.21,3440.0,3268.81,3386.12,1961769.087,1633305600000
2021-10-05,3386.12,3549.9,3363.56,3517.64,1476768.109,1633392000000
2021-10-06,3517.64,3638.0,3339.67,3576.85,2134235.566,1633478400000
2021-10-07,3576.9,3659.98,3470.37,3589.85,1809003.003,1633564800000
2021-10-08,3589.85,3675.41,3531.0,3563.81,1501949.85,1633651200000
2021-10-09,3563.82,3639.0,3538.1,3577.8,907875.164,1633737600000
2021-10-10,3577.65,3607.55,3402.12,3415.01,1518799.428,1633824000000
2021-10-11,3415.01,3629.0,3368.0,3543.1,1874616.227,1633910400000
2021-10-12,3543.09,3549.82,3404.0,3492.91,1986800.415,1633996800000
2021-10-13,3492.9,3618.0,3412.29,3610.05,1635415.204,1634083200000
2021-10-14,3610.24,3830.0,3590.02,3794.19,1736537.63,1634169600000
2021-10-15,3794.18,3915.0,3737.13,3872.71,1828015.586,1634256000000
2021-10-16,3872.7,3980.0,3801.38,3833.3,1398494.278,1634342400000
2021-10-17,3833.29,3925.95,3634.32,3851.01,1611014.925,1634428800000
2021-10-18,3851.17,3898.94,3675.5,3748.31,1768303.025,1634515200000
2021-10-19,3748.1,3893.0,3734.93,3881.48,1769755.526,1634601600000
2021-10-20,3881.49,4173.5,3830.0,4164.14,2278334.962,1634688000000
2021-10-21,4164.13,4389.6,4006.83,4057.26,3807814.197,1634774400000
2021-10-22,4057.26,4172.52,3888.0,3975.56,2113125.983,1634860800000
2021-10-23,3975.55,4177.27,3940.6,4170.5,1494374.557,1634947200000
2021-10-24,4170.5,4191.72,3962.86,4084.61,1501860.773,1635033600000
2021-10-25,4084.6,4240.03,4071.37,4224.14,1389123.02,1635120000000
2021-10-26,4224.13,4306.61,4092.0,4133.39,1665700.699,1635206400000
2021-10-27,4133.37,4319.0,3900.0,3923.57,2642128.851,1635292800000
2021-10-28,3923.58,4300.0,3887.75,4288.96,2233903.498,1635379200000
2021-10-29,4288.91,4467.89,4269.16,4421.53,1862409.48,1635465600000
2021-10-30,4421.53,4438.85,4230.55,4324.82,1145688.807,1635552000000
2021-10-31,4324.82,4399.22,4161.0,4288.86,1308821.315,1635638400000
2021-11-01,4288.87,4385.57,4145.0,4322.72,1541230.772,1635724800000
2021-11-02,4322.72,4604.96,4286.67,4593.88,1477069.747,1635811200000
2021-11-03,4593.17,4676.0,4456.0,4606.59,1476260.698,1635897600000
2021-11-04,4606.59,4611.23,4423.09,4535.37,1202357.813,1635984000000
2021-11-05,4535.38,4575.0,4445.1,4477.29,967384.995,1636070400000
2021-11-06,4477.29,4538.29,4325.91,4521.4,1062427.875,1636156800000
2021-11-07,4521.7,4642.76,4505.41,4616.5,832391.585,1636243200000
2021-11-08,4616.51,4830.66,4615.21,4814.3,1214445.239,1636329600000
2021-11-09,4814.13,4844.97,4714.83,4734.98,1151973.219,1636416000000
2021-11-10,4734.99,4877.54,4450.0,4632.21,1848828.004,1636502400000
2021-11-11,4632.42,4783.12,4580.9,4721.19,1146003.874,1636588800000
2021-11-12,4721.19,4811.0,4508.0,4665.99,1671025.399,1636675200000
2021-11-13,4665.99,4708.0,4585.11,4644.42,812743.805,1636761600000
2021-11-14,4644.42,4700.0,4515.84,4629.44,947148.676,1636848000000
2021-11-15,4629.75,4771.83,4541.44,4567.01,1351110.691,1636934400000
2021-11-16,4567.01,4567.07,4077.0,4209.42,2734039.543,1637020800000
2021-11-17,4209.42,4300.0,4062.0,4287.99,1860601.927,1637107200000
2021-11-18,4288.0,4343.33,3957.96,3997.72,2286170.467,1637193600000
2021-11-19,3997.72,4309.04,3973.14,4293.44,1514406.552,1637280000000
2021-11-20,4293.44,4436.01,4202.24,4412.55,1143613.53,1637366400000
2021-11-21,4412.37,4425.73,4242.0,4259.23,996488.568,1637452800000
2021-11-22,4259.28,4327.75,4019.35,4086.57,1891091.913,1637539200000
2021-11-23,4086.41,4387.0,4059.55,4341.36,1636864.585,1637625600000
2021-11-24,4341.36,4377.0,4170.38,4271.29,1365898.959,1637712000000
2021-11-25,4271.29,4558.29,4250.34,4527.86,1247655.55,1637798400000
2021-11-26,4528.2,4555.0,3911.0,4040.66,2657050.069,1637884800000
2021-11-27,4040.66,4182.66,4027.32,4095.33,1008009.177,1637971200000
2021-11-28,4095.33,4301.07,3958.58,4296.6,1512818.39,1638057600000
2021-11-29,4297.01,4460.0,4280.0,4445.1,1432921.208,1638144000000
2021-11-30,4445.09,4757.8,4347.9,4631.51,2573876.207,1638230400000
2021-12-01,4631.43,4783.19,4528.5,4586.66,1861557.163,1638316800000
2021-12-02,4586.67,4636.86,4435.76,4514.32,1767131.692,1638403200000
2021-12-03,4514.32,4658.0,4004.0,4213.66,2648380.12,1638489600000
2021-12-04,4213.67,4237.2,3388.15,4115.79,3531695.892,1638576000000
2021-12-05,4115.79,4247.19,4033.0,4197.53,1909767.851,1638662400000
2021-12-06,4197.52,4377.58,3920.0,4345.2,2601175.77,1638748800000
2021-12-07,4345.44,4425.0,4255.27,4305.82,1388803.726,1638835200000
2021-12-08,4305.83,4454.6,4224.98,4435.33,1443466.295,1638921600000
2021-12-09,4435.7,4490.97,4075.0,4103.8,1905332.516,1639008000000
2021-12-10,4103.8,4232.0,3882.84,3895.95,2123045.506,1639094400000
2021-12-11,3895.85,4094.82,3831.01,4089.81,1729754.927,1639180800000
2021-12-12,4088.86,4173.37,3985.0,4129.0,1044691.201,1639267200000
2021-12-13,4129.16,4142.0,3668.34,3780.63,2252296.914,1639353600000
2021-12-14,3780.33,3879.13,3682.0,3856.66,1718001.41,1639440000000
2021-12-15,3856.67,4096.0,3639.39,4019.01,2415815.067,1639526400000
2021-12-16,4019.01,4118.47,3951.14,3958.67,1603846.854,1639612800000
2021-12-17,3958.7,3992.99,3694.2,3873.93,2112402.041,1639699200000
2021-12-18,3872.98,3997.39,3764.96,3957.64,1306368.673,1639785600000
2021-12-19,3957.65,4034.99,3881.89,3922.51,1402356.037,1639872000000
2021-12-20,3922.51,3981.48,3750.0,3943.48,1741509.419,1639958400000
2021-12-21,3943.64,4055.53,3912.26,4035.22,444639.7,1640044800000
